,0 pi,2/3 pi,4/3 pi
0,1050619.8729562552,1047555.556571712,1047555.5554847977
1,1050602.6653687009,1047564.1353475852,1047564.1342698168
2,1050602.6653687009,1047564.1353475852,1047564.1342698168
3,1050602.6653687009,1047564.1353475852,1047564.1342698168
4,1050602.6653687009,1047564.1353475852,1047564.1342698168
5,1050602.6653687009,1047564.1353475852,1047564.1342698168
6,1050608.415565448,1047561.2685858607,1047561.2675050359
7,1050604.375051224,1047563.2829825621,1047563.2819038854
8,1050592.2945545302,1047569.3057786581,1047569.3047064024
9,1050592.2945545302,1047569.3057786581,1047569.3047064024
10,1050592.87469558,1047569.0165438628,1047569.0154712982
11,1050598.044722896,1047566.4389885522,1047566.4379132403
12,1050597.4645804183,1047566.7282219206,1047566.7271469164
13,1050596.8844381012,1047567.0174554487,1047567.0163807536
14,1050596.8844381012,1047567.0174554487,1047567.0163807536
15,1050588.8444610639,1047571.0258602749,1047571.0247898529
16,1050588.8444610639,1047571.0258602749,1047571.0247898529
17,1050588.8444610639,1047571.0258602749,1047571.0247898529
18,1050588.8444610639,1047571.0258602749,1047571.0247898529
19,1050588.8444610639,1047571.0258602749,1047571.0247898529
20,1050588.8444610639,1047571.0258602749,1047571.0247898529
21,1050588.8444610639,1047571.0258602749,1047571.0247898529
22,1050588.8444610639,1047571.0258602749,1047571.0247898529
23,1050588.8444610639,1047571.0258602749,1047571.0247898529
24,1050590.554132341,1047570.1734840062,1047570.1724126757
25,1050585.3533740356,1047572.7663883186,1047572.7653197526
26,1050577.8935780344,1047576.4855983353,1047576.4845337339
27,1050568.7262035576,1047581.0562054213,1047581.0551456936
28,1050584.8039844735,1047573.0402946104,1047573.0392263369
29,1050588.8444610639,1047571.0258602749,1047571.0247898529
30,1050588.8444610639,1047571.0258602749,1047571.0247898529
31,1050584.8039844735,1047573.0402946104,1047573.0392263369
32,1050590.5869318033,1047570.1571314774,1047570.1560601294
33,1050568.0894151016,1047666.4234158098,1047496.329802737
34,1050569.9044967962,1047623.0056488189,1047537.9324880339
35,1050569.9044967962,1047623.0056488189,1047537.9324880339
36,1050569.9044967962,1047623.0056488189,1047537.9324880339
37,1050569.9044967962,1047623.0056488189,1047537.9324880339
38,1050569.9044967962,1047623.0056488189,1047537.9324880339
39,1050565.865280803,1047624.9333778208,1047540.0324750254
40,1050559.5369864386,1047627.9536000176,1047543.322576812
41,1050559.5369864386,1047627.9536000176,1047543.322576812
42,1050564.7053653183,1047625.4869533897,1047540.635516866
43,1050564.7053653183,1047625.4869533897,1047540.635516866
44,1050564.1233584962,1047625.7647194634,1047540.9381034727
45,1050564.1233584962,1047625.7647194634,1047540.9381034727
46,1050564.1233584962,1047625.7647194634,1047540.9381034727
47,1050556.0879920668,1047629.5996682665,1047545.1157329335
48,1050555.5080369448,1047629.876458671,1047545.4172564738
49,1050556.6679473491,1047629.3228780221,1047544.8142095532
50,1050556.6679473491,1047629.3228780221,1047544.8142095532
51,1050561.8363191672,1047626.8562243322,1047542.1271425452
52,1050555.5080369448,1047629.876458671,1047545.4172564738
53,1050556.0879920668,1047629.5996682665,1047545.1157329335
54,1050556.0879920668,1047629.5996682665,1047545.1157329335
55,1050556.0879920668,1047629.5996682665,1047545.1157329335
56,1050555.5080369448,1047629.876458671,1047545.4172564738
57,1050556.6351583537,1047629.3385269362,1047544.8312568069
58,1050549.1797737936,1047632.8967120808,1047548.7073894738
59,1050535.396194092,1047639.4752186462,1047555.8737231506
60,1050551.4688486448,1047631.8042153656,1047547.5172711579
61,1050557.7971186948,1047628.7839688539,1047544.2271450566
62,1050551.3038888115,1047652.8601083797,1047526.6279758073
63,1050552.6214390155,1047598.0480842097,1047580.1224497745
64,1050600.3345447688,1047565.2973870336,1047565.2963105043
65,1050571.6136346692,1047622.1899606521,1047537.0439114028
66,1050578.5475134754,1047576.1595659497,1047576.1585010015
67,1050578.5475134754,1047576.1595659497,1047576.1585010015
68,1050578.5475134754,1047576.1595659497,1047576.1585010015
69,1050578.5475134754,1047576.1595659497,1047576.1585010015
70,1050578.5475134754,1047576.1595659497,1047576.1585010015
71,1050572.7994484152,1047579.0253873621,1047579.0243254687
72,1050568.1788682875,1047581.3290940062,1047581.3280345689
73,1050567.596684112,1047581.6193576758,1047581.6182985482
74,1050572.7666492304,1047579.0417401681,1047579.0406782927
75,1050572.7666492304,1047579.0417401681,1047579.0406782927
76,1050572.7666492304,1047579.0417401681,1047579.0406782927
77,1050572.7666492304,1047579.0417401681,1047579.0406782927
78,1050564.7267644773,1047583.0502372786,1047583.0491796763
79,1050569.2155186832,1047665.9100236557,1047495.7203044998
80,1050540.5624642568,1047637.0094906726,1047553.1876692553
81,1050498.063734334,1047616.2886294179,1047616.2876072506
82,1050495.7309765636,1047617.4518070271,1047617.4507861
83,1050525.6613982746,1047602.5279646933,1047602.5269278566
84,1050563.599297122,1047583.6123696241,1047583.6113126208
85,1050565.3089478582,1047582.759972814,1047582.758914902
86,1050564.1466311992,1047583.3394798463,1047583.3384225521
87,1050564.7267644773,1047583.0502372786,1047583.0491796763
88,1050564.1466311992,1047583.3394798463,1047583.3384225521
89,1050563.566498081,1047583.6287225739,1047583.6276655882
90,1050555.5286984642,1047587.636232821,1047587.6351801079
91,1050543.4484826075,1047593.6593097533,1047593.6582634617
92,1050559.5260700998,1047585.6432055187,1047585.6421506809
93,1050560.6591174402,1047594.0770448237,1047576.0785525313
94,1050559.80094104,1047636.8294720245,1047534.1843017312
95,1050552.6214390155,1047598.0480842097,1047580.1224497745
96,1050598.6248655338,1047566.1497553447,1047566.148679724
97,1050569.7969978605,1047665.6449268531,1047495.4055820109
98,1050578.5475134754,1047576.1595659497,1047576.1585010015
99,1050580.2540052168,1047578.3951683572,1047572.2212995489
100,1050579.558085457,1047621.4859557245,1047529.8264319412
101,1050579.558085457,1047621.4859557245,1047529.8264319412
102,1050580.2540052168,1047578.3951683572,1047572.2212995489
103,1050574.5038946217,1047581.2531520659,1047575.0969873698
104,1050568.1788682875,1047581.3290940062,1047581.3280345689
105,1050568.1788682875,1047581.3290940062,1047581.3280345689
106,1050573.346784889,1047578.752499981,1047578.7514377971
107,1050573.346784889,1047578.752499981,1047578.7514377971
108,1050565.3089478582,1047582.759972814,1047582.758914902
109,1050576.1777415364,1047589.4904230526,1047565.1907815885
110,1050561.154677835,1047669.5849913742,1047500.0832170341
111,1050410.7500599374,1048062.3588814326,1047257.4510562425
112,1050338.6565109717,1048042.7181192979,1047348.960427863
113,1050329.4795696207,1047769.9615766781,1047630.7608228609
114,1050326.1182398694,1047704.7310335536,1047699.3396738705
115,1050349.7173846096,1047690.2659522642,1047690.2650089555
116,1050458.3539087144,1047636.0895772437,1047636.0885761849
117,1050533.6652374913,1047601.551911947,1047595.5214874713
118,1050565.8859330222,1047585.5365909842,1047579.4069603651
119,1050561.3063740903,1047587.8128191021,1047581.697288656
120,1050558.395468946,1047589.2596657977,1047583.1530978612
121,1050563.566498081,1047583.6287225739,1047583.6276655882
122,1050555.525566414,1047590.6861383191,1047584.5884066597
123,1050544.0254963078,1047596.4022568204,1047590.339933385
124,1050552.6360378542,1047595.1662961709,1047582.9896389742
125,1050560.6831940582,1047588.122566224,1047582.0089545132
126,1050559.9940664908,1047630.7927865481,1047540.0278617565
127,1050560.6863342652,1047585.0647179923,1047585.0636625378
128,1050602.6653687009,1047564.1353475852,1047564.1342698168
129,1050568.2609683792,1047663.2698351817,1047499.311830088
130,1050578.0244807855,1047616.0455690777,1047536.7955305637
131,1050572.7234024587,1047652.1545555581,1047505.9760760416
132,1050573.789552905,1047663.824724289,1047493.244639698
133,1050573.789552905,1047663.824724289,1047493.244639698
134,1050574.2781069742,1047654.5194568096,1047502.0613531076
135,1050575.609825773,1047620.2827815184,1047534.9663096004
136,1050567.5744153887,1047624.117686366,1047539.1438951066
137,1050567.5744153887,1047624.117686366,1047539.1438951066
138,1050567.5744153887,1047624.117686366,1047539.1438951066
139,1050566.992407772,1047624.3954516455,1047539.4464809183
140,1050566.9020071183,1047627.5065683154,1047536.4257649024
141,1050550.2172483986,1047635.4438331627,1047545.1259736046
142,1050444.2039811644,1047889.8980342642,1047396.450139934
143,1049984.8234502662,1048836.516766717,1046908.9636984033
144,1050342.802483886,1048004.8687453113,1047382.6518546438
145,1050389.2634785066,1047750.7612370267,1047590.3310912017
146,1050374.973539494,1047716.0501738276,1047639.2904929998
147,1050327.886996541,1047738.5295512307,1047663.7781486078
148,1050306.0684108103,1047748.9463943683,1047675.1255869117
149,1050297.2616764477,1047760.9620585422,1047671.8955353298
150,1050451.477335874,1047679.5301627922,1047599.507630731
151,1050571.0078950736,1047592.0365811881,1047567.7997170174
152,1050558.3498195517,1047598.2707849672,1047574.1876280861
153,1050554.9280819823,1047630.1532492357,1047545.7187801745
154,1050555.5080369448,1047629.876458671,1047545.4172564738
155,1050552.2767166332,1047622.4516067816,1047556.0636495843
156,1050552.6454181708,1047592.1177093267,1047586.0288455018
157,1050560.6831940582,1047588.122566224,1047582.0089545132
158,1050559.6923758902,1047639.938587426,1047531.1837514788
159,1050560.6863342652,1047585.0647179923,1047585.0636625378
160,1050596.9151876902,1047567.0021250459,1047567.0010503341
161,1050565.0959242664,1047728.7578326889,1047436.9937497687
162,1050565.053627137,1047783.8470753939,1047381.9648778962
163,1050565.8151446076,1047743.7249220832,1047421.3139673682
164,1050575.768292793,1047614.2144334883,1047540.8761906098
165,1050575.8404559472,1047611.0988023104,1047543.9196586339
166,1050576.213551529,1047580.4033969775,1047574.2419683852
167,1050576.2167162972,1047577.3216321518,1047577.3205684422
168,1050568.1788682875,1047581.3290940062,1047581.3280345689
169,1050568.1788682875,1047581.3290940062,1047581.3280345689
170,1050568.1788682875,1047581.3290940062,1047581.3280345689
171,1050573.3436246598,1047581.8298451613,1047575.6772528455
172,1050565.247828179,1047591.9804755801,1047573.5994386105
173,1050383.5662662243,1047684.5196422135,1047662.2491496954
174,1050143.3394629941,1048488.5819586564,1047098.2948248845
175,1050057.0814714914,1048747.555988015,1046925.7211926412
176,1050327.81322934,1047738.5647693266,1047663.8165129685
177,1050326.8861133393,1047731.0626331094,1047672.2429385422
178,1050290.4085803058,1047722.4866926915,1047717.2052941628
179,1050243.8379263738,1047750.7812454406,1047735.3689190043
180,1050238.1836301887,1047748.4557685481,1047743.3351902593
181,1050032.559741809,1047848.4787211565,1047848.4779464621
182,1050052.1482079527,1047838.7050165072,1047838.7042313978
183,1050497.8642622216,1047639.7388080425,1047593.0368725957
184,1050570.0351079744,1047616.7467251725,1047544.0607070539
185,1050554.897816725,1047599.9709438154,1047575.929704841
186,1050556.1088293632,1047587.346987874,1047587.3459348524
187,1050552.6214390155,1047598.0480842097,1047580.1224497745
188,1050551.766736511,1047640.6274496773,1047538.3977868111
189,1050559.9032307458,1047633.7233319171,1047537.1881521324
190,1050559.0712361801,1047655.1823822102,1047516.5610964051
191,1050560.5774533134,1047603.1180662804,1047567.119195202
192,1050294.0256252226,1048632.190504588,1046804.6889097805
193,1050188.8762852985,1048789.3644396549,1046752.6067817712
194,1050216.457926003,1048751.5890413716,1046762.8186130526
195,1050401.7999500786,1048371.8985147093,1046957.1605751071
196,1050169.6220770958,1048813.1695458163,1046748.0395107385
197,1050149.3444576066,1048852.00520592,1046729.492847473
198,1050261.5423014264,1048667.0802791019,1046802.236336363
199,1050260.1014777673,1048667.0016529835,1046803.7509033086
200,1050001.6919033064,1049072.1742451582,1046656.9764851849
201,1050054.6243619572,1048988.828567294,1046687.3716974973
202,1049775.5168186924,1049347.854138695,1046607.4470536422
203,1050168.301348482,1048835.9746240946,1046726.5961617259
204,1050235.3403665188,1048582.558512399,1046912.7332181089
205,1049813.9995561077,1048777.9893257532,1047137.7477643512
206,1049542.445326224,1049295.6823673164,1046891.917028702
207,1050121.0541308203,1048081.2619390615,1047527.4631938029
208,1049915.61159651,1048196.4920566988,1047617.2590372994
209,1050101.2932354268,1048388.6553200905,1047240.0286191041
210,1050021.8271597864,1048414.2001341798,1047293.7659563295
211,1049580.485302616,1048344.333410178,1047803.9722107209
212,1049866.3774843847,1048154.8815771788,1047707.9787481716
213,1049893.6613556736,1048230.8183851892,1047604.8546900295
214,1049657.7486967838,1048273.0949091845,1047798.0467170908
215,1050148.3623085755,1048010.8005604484,1047570.6503045325
216,1050531.6605965293,1047851.7944118585,1047347.3386318722
217,1050411.559598577,1048301.2896076532,1047017.9509051624
218,1050308.307918281,1048540.6351701319,1046881.85702298
219,1050484.3618959566,1048082.4171591363,1047164.0243381748
220,1050556.2449127317,1047623.590536489,1047550.9679440457
221,1050564.7236178808,1047586.114307739,1047579.9882558123
222,1050564.7141802728,1047589.1815140116,1047576.9304871483
223,1050560.6863342652,1047585.0647179923,1047585.0636625378
224,1047539.0977658454,1047599.8176477667,1050591.9896259785
225,1047531.495451427,1047627.9093667587,1050571.4426885382
226,1047416.7231254507,1047744.5645822448,1050569.5778727313
227,1046839.7039341728,1048588.609149562,1050302.5459561597
228,1047394.3037416459,1047780.9026578452,1050555.6295973707
229,1047688.948957555,1047475.2486334586,1050566.6449199857
230,1047547.6423085558,1047607.2965758963,1050575.9200324398
231,1047527.6097689378,1047629.6053833481,1050573.6388817725
232,1047925.340290549,1047271.1037186047,1050534.3986244944
233,1047645.5000974814,1047522.4160859328,1050562.9084433338
234,1047960.787189559,1047239.4551295636,1050530.6117149356
235,1047447.9757769658,1047719.1372089152,1050563.7278725286
236,1047559.2424873561,1048040.9328602625,1050129.6050575697
237,1047201.1596296856,1048979.5923534592,1049548.6781348926
238,1049667.1208930402,1049122.3020780513,1046940.5624098253
239,1049880.5083867593,1047924.354365684,1047924.3536718352
240,1048596.6497545657,1049638.8186155148,1047493.6290879062
241,1047072.915332364,1048555.6591907853,1050101.6128100143
242,1047219.83531683,1048368.1812834982,1050142.0504333451
243,1047482.8008882353,1048763.123940278,1049483.0540449242
244,1047338.8072794378,1049042.3966071834,1049347.913830248
245,1047273.5082493584,1048882.9882584908,1049572.831196771
246,1047398.8669110979,1048975.3696908285,1049354.7893852284
247,1047311.7352979785,1048865.9329522036,1049551.587833043
248,1046672.9305608899,1049338.6698311935,1049719.026907593
249,1047012.0203896197,1048298.7397533688,1050420.0643906095
250,1047686.5419122583,1047491.9226127319,1050552.3355864023
251,1046680.3007137931,1049033.6659348425,1050016.8367446314
252,1049786.0798589042,1049329.950239281,1046614.7732950824
253,1050462.2968950667,1048179.7404747823,1047088.7888115828
254,1050340.9596987453,1048488.4364555802,1046901.4300271072
255,1050391.8052126472,1048363.1442685911,1046975.8652335574
256,1049002.9781450804,1046653.9949480365,1050073.945269953
257,1049073.0384872763,1046655.2113622789,1050002.5976571685
258,1048954.3905580118,1046685.9050610643,1050090.5699613506
259,1048583.2622654727,1046843.8705257537,1050303.7212428318
260,1048548.0372830611,1046860.1787265409,1050322.6429072896
261,1048572.795160056,1046847.6224314636,1050310.441325372
262,1048597.5536746995,1046835.3313491045,1050297.973893088
263,1048366.1646030426,1046962.572935193,1050402.1148398863
264,1048334.3638410964,1046977.12153942,1050419.3817716886
265,1047806.945130679,1047366.7981112192,1050557.107480769
266,1047999.6818947253,1047244.2404599434,1050486.822781221
267,1048199.9841902751,1047187.6040792888,1050342.886953303
268,1048036.7735188459,1047682.2939222454,1050010.4332005437
269,1047303.9026017922,1049681.8629650772,1048743.602600385
270,1050139.0584264533,1048120.8652076784,1047469.9234916026
271,1050304.263032548,1047712.9362601204,1047712.9353409756
272,1049259.8217461174,1049581.630769711,1046888.6103712522
273,1047752.2580018532,1047749.8324462365,1050227.8596932855
274,1048293.4215823805,1047325.6134220562,1050110.8719378402
275,1048234.7985180855,1047413.6172341638,1050081.3646020952
276,1048074.3260646567,1047649.8441739053,1050005.3329587772
277,1047429.0709937816,1048612.5157767255,1049687.630356865
278,1047591.2034142393,1049595.2344324929,1048542.5204928231
279,1047413.9436288506,1048870.6768927625,1049444.424405061
280,1046917.1677101454,1048603.805076984,1050209.6122350323
281,1046998.5087950516,1048318.9677856321,1050413.35125489
282,1047531.6423778356,1047644.1161193032,1050555.0432549505
283,1047475.5113119879,1047702.9632065371,1050552.3288747417
284,1046680.7740359795,1050017.9676383971,1049032.06171889
285,1048267.4539485641,1050432.1651235172,1047031.2071093513
286,1048184.7716948054,1050460.6640008262,1047085.3904858006
287,1048091.7133203051,1050492.5246902616,1047146.599544105
288,1046622.1013256795,1050014.197120471,1049094.636539953
289,1046646.7641555057,1049973.9089929287,1049110.169485214
290,1046663.9067148302,1050043.345101752,1049023.6137638453
291,1046734.8421071185,1050167.0700744188,1048828.9418525212
292,1046776.6785500936,1050230.1178337042,1048724.0625330934
293,1046826.7343766624,1050288.92712729,1048615.1974129393
294,1046856.3831856735,1050319.0095739176,1048555.4661573005
295,1046958.0474100203,1050399.8302480388,1048372.9763759995
296,1047057.5116126399,1050413.1040292159,1048260.1407261827
297,1047557.3286295005,1050401.306212034,1047771.7570875597
298,1047486.5814760588,1050281.8196706686,1047961.7322116886
299,1047084.7315529101,1049973.907869831,1048671.357151495
300,1047409.1162617013,1049943.2464256783,1048377.1968096652
301,1049255.1895345736,1049235.931033814,1047238.1605124967
302,1049980.488269664,1047940.9743978371,1047807.9515087876
303,1050220.7559682406,1047797.1442307759,1047712.0349362945
304,1050102.7720837751,1048221.5559354738,1047405.4967127813
305,1048370.7453738559,1049496.6644614208,1047861.2580268775
306,1048116.8410692315,1049383.2949881514,1048228.3328759503
307,1047730.8479197329,1049930.2097352562,1048068.2803237165
308,1047827.3285374431,1049851.4501557287,1048050.3960147878
309,1047977.7081076372,1049867.1470150005,1047884.3385957135
310,1048420.2606934193,1049608.487926154,1047700.1370680949
311,1048292.9245112742,1049926.7704929546,1047509.7553387289
312,1047954.124110322,1050507.4090044315,1047269.2443082614
313,1047869.1701852236,1050532.5646003352,1047329.0702493666
314,1047617.0828269244,1050556.3883835475,1047557.3321827952
315,1047468.6456478899,1050551.7628004805,1047710.3949448965
316,1047144.3511950992,1050476.5898557815,1048109.8623423864
317,1047588.3993085095,1050564.717183608,1047577.7096893156
318,1047820.7001392541,1050547.0867770459,1047363.0392651325
319,1047825.7424471745,1050550.0962421752,1047354.9988653227
320,1047616.8187558651,1050601.7672087788,1047512.3490214586
321,1047557.711183486,1050566.266901845,1047606.853048319
322,1047667.678054693,1050571.344466545,1047491.8298568841
323,1047775.4305308617,1050562.2763308007,1047393.1471723961
324,1047962.2205297543,1050531.8536109994,1047236.7847761383
325,1048104.5337380875,1050495.0265651678,1047131.296956284
326,1048141.5423992131,1050487.0975955552,1047102.2272512877
327,1048142.8567539882,1050426.9226781232,1047160.8985033392
328,1048278.9731411884,1050228.6751537318,1047222.5696331258
329,1048485.0804688842,1050046.2417751283,1047198.6170811725
330,1048224.031352536,1050156.0504978544,1047349.8845303777
331,1047066.057178599,1049835.1038914684,1048828.7124862433
332,1047887.7180925502,1050144.0925443266,1047697.9553808108
333,1049893.7692807266,1048226.4641690684,1047609.0986371636
334,1049902.5057069892,1047976.0501169425,1047850.7057005276
335,1050053.3890474115,1047869.4436463184,1047806.7283177691
336,1050121.0155885622,1047900.968109204,1047707.7313094258
337,1048969.968640287,1048984.575426156,1047773.9163118893
338,1048512.7467477904,1049088.7956932986,1048126.6811229791
339,1048390.5698374822,1049797.1790244114,1047541.4889478412
340,1048422.5731700484,1049736.591377168,1047569.97156734
341,1048405.7613534776,1049783.2907087633,1047540.1683922971
342,1048319.6196465044,1049888.5150867116,1047521.2485364513
343,1048166.772480065,1050362.5074080697,1047201.2230708301
344,1048200.0680848599,1050453.1240278417,1047077.6260146316
345,1048259.5360367668,1050427.9736490936,1047043.2937074063
346,1048170.7994247731,1050458.054917113,1047101.9490513802
347,1047965.4622481521,1050513.3597504422,1047251.9813946723
348,1047716.3283193681,1050551.2869842295,1047463.1880896694
349,1047909.4503946305,1050532.2017475234,1047289.1740392789
350,1047876.560959935,1050538.2085734506,1047316.0566480473
351,1047872.0244397573,1050542.6970087865,1047316.1161061284
352,1047642.0003074463,1050600.7186245793,1047488.2160540773
353,1047615.4518367627,1050566.1023339576,1047549.2769629296
354,1047701.6675816384,1050563.511220283,1047465.657194941
355,1047726.6522632807,1050569.1174195118,1047435.0892340996
356,1047955.4556643015,1050533.331432986,1047242.071819604
357,1048135.1046361291,1050486.9922851515,1047108.7636534433
358,1048165.734410921,1050449.9976879512,1047115.0405114354
359,1048114.6270958378,1050282.9877868467,1047332.6132253766
360,1048124.7649881132,1050150.544142496,1047454.5698017743
361,1048175.3225758238,1050103.7593436358,1047450.7114004194
362,1047974.8580436007,1050151.2595851403,1047603.6887269913
363,1046992.1463412822,1049385.2839222038,1049352.3656365753
364,1049072.363699279,1049635.273476697,1047022.1666199847
365,1049851.1750685489,1047983.7125124434,1047894.2766751813
366,1049878.9347857842,1047966.7789901786,1047883.501368746
367,1050067.7466849699,1047862.750107423,1047799.0947062544
368,1049959.4348919156,1047903.7904234568,1047866.1430423284
369,1049164.2165355016,1048764.5931725542,1047799.6596286331
370,1048499.9483703511,1049094.5573780297,1048133.7185074221
371,1048415.5793299527,1049450.229064742,1047862.8108498257
372,1048481.5480130574,1049645.3419469567,1047602.111813459
373,1048483.0382818637,1049785.4279316152,1047460.8283827074
374,1048407.6486073572,1049964.6029241087,1047357.3895373902
375,1048325.1366091705,1050355.7221434233,1047049.7922955721
376,1048421.4381977753,1050368.9017961442,1046940.4796921249
377,1048297.2549054344,1050414.097255761,1047019.4512320712
378,1048031.9494790055,1050497.7031544282,1047201.150759834
379,1047876.7432239107,1050530.7351910982,1047323.3249782586
380,1047821.5016647995,1050539.4416587125,1047369.8600697551
381,1047919.6927747596,1050530.215451346,1047280.9179553266
382,1047656.6169007687,1050562.9543126125,1047511.2549680521
383,1047695.5447671661,1050564.4950690554,1047470.7977184503
384,1047377.6759361957,1050581.777538723,1047771.4582876225
385,1047307.8593070576,1050540.331353536,1047882.6453362695
386,1047472.7295919036,1050565.8520567936,1047692.2592097124
387,1047555.7959885749,1050569.6809888429,1047605.3638809915
388,1047553.6280416343,1050567.9195417033,1047609.2884135256
389,1047669.6303013576,1050573.4577271238,1047487.7708884097
390,1047892.5327578158,1050451.813817448,1047386.228992834
391,1047984.864079165,1050233.6193195106,1047511.5337324454
392,1048159.6546841477,1050133.2286948496,1047436.9742275043
393,1048259.5184367731,1050064.4063766603,1047405.8322388366
394,1047855.4536216359,1050141.730889947,1047732.5712368573
395,1047684.2384817173,1050144.6881985285,1047900.843271018
396,1050071.7758195556,1048325.5113962991,1047332.5468259869
397,1049937.4503544888,1047951.9691527947,1047839.9083849456
398,1049940.2822847054,1047923.6334914393,1047865.4154473572
399,1050106.0963374537,1047811.7889043503,1047811.7880905584
400,1049813.1004050765,1047969.2189279915,1047946.7747815499
401,1049438.4390797901,1048490.106695025,1047800.0994813706
402,1048630.8977384784,1049400.975682736,1047696.8211178487
403,1048407.3128724812,1049454.541525647,1047866.7670645927
404,1048348.7351917065,1049760.2235918718,1047620.1701975324
405,1048376.2130774923,1049780.358329364,1047572.6193347238
406,1048363.9213907265,1049868.4694511632,1047496.9823218766
407,1048282.7056500253,1050345.9652339981,1047101.9001107287
408,1048278.8299578906,1050428.0007271662,1047023.9954963762
409,1048160.2796972471,1050460.8652303468,1047109.6568244955
410,1047965.3997699278,1050512.844999783,1047252.5569823784
411,1047899.490893153,1050526.6725610027,1047304.6399391112
412,1047732.2748978958,1050549.903974002,1047448.6245213692
413,1047750.1281200512,1050550.359779024,1047430.3219766038
414,1047406.1212711332,1050555.352434839,1047769.3573344196
415,1047340.7636805684,1050547.5464409213,1047842.5274331826
416,1047258.5543995375,1050558.8798515508,1047913.4775114533
417,1047314.7763089532,1050539.2405193686,1047876.8126560503
418,1047351.6255373772,1050548.9071815985,1047830.3032778867
419,1047590.0355498259,1050568.1535600626,1047572.6468869742
420,1047901.4971299331,1050536.8856769481,1047292.4531899814
421,1047724.9028362647,1050565.9753945447,1047439.970836882
422,1047752.5670924649,1050440.962714368,1047536.9667769334
423,1047907.7423156758,1050252.6786075619,1047569.6154708458
424,1048137.1349919344,1050132.3683110366,1047460.3370917214
425,1048310.4786497502,1050079.6267976267,1047339.7350225073
426,1047526.451370456,1050125.3405386405,1048077.9962374527
427,1049432.805412213,1049339.7255194264,1046957.3465812436
428,1050237.7996274512,1047809.487308968,1047682.6905645686
429,1050131.2191645848,1047865.6596253613,1047732.8541240556
430,1050006.1592544785,1047861.6517308077,1047861.6509701497
431,1049924.5579834934,1047902.3713341289,1047902.3706168582
432,1049793.8250752143,1047993.6029169757,1047941.6328301093
433,1049759.1510114155,1048250.2448688414,1047719.6718822076
434,1048645.8416976796,1049624.4286027735,1047458.8512688302
435,1048131.6068907132,1049740.9630097796,1047856.418307103
436,1048174.9514115372,1049705.6866835586,1047848.2996430786
437,1048313.329384845,1049689.754789179,1047725.8848263532
438,1048279.4370331463,1049860.809006169,1047589.0475047127
439,1047910.4520086059,1050395.5351827648,1047424.4350280674
440,1047847.2545971796,1050543.619027887,1047339.9542105072
441,1047818.9128369077,1050538.1747545851,1047373.7108738892
442,1047773.6599090527,1050545.0680169186,1047412.0738261183
443,1047611.3879208596,1050556.4912217106,1047562.9242506974
444,1047608.3147393985,1050556.5378665263,1047565.9507873426
445,1047627.6410533317,1050560.0855951647,1047543.088066299
446,1047618.5284955312,1050560.3141288524,1047551.972090412
447,1047340.7636805684,1050547.5464409213,1047842.5274331826
448,1047020.4208128998,1050467.0318383588,1048243.459111283
449,1047317.5539068863,1050544.3398058075,1047868.9472683297
450,1047558.5248081498,1050570.3518814328,1047601.9659440657
451,1047584.957359331,1050572.2086922615,1047573.6814551319
452,1047541.6671289118,1050567.645032654,1047621.5238352964
453,1047601.0823585931,1050564.041633978,1047565.7005410263
454,1047669.0816057521,1050436.8965525941,1047624.4970045702
455,1047888.1869753114,1050275.1749928147,1047566.7260611834
456,1048037.0339768118,1050113.8365257927,1047578.8698067128
457,1047858.2249237617,1050212.2978752945,1047659.4002021153
458,1047945.8728658978,1050220.5545299551,1047563.540364724
459,1050051.9367739116,1048446.1801232904,1047231.7914708686
460,1050293.0971306604,1047747.347928409,1047689.6628848525
461,1050262.4339686544,1047769.7797825788,1047697.8200780578
462,1050139.4377654507,1047795.15504521,1047795.1542136918
463,1050017.6133608762,1047855.9364322503,1047855.9356655019
464,1049770.7983013932,1048006.4467514541,1047951.7761363505
465,1049593.3645112142,1048092.5330718161,1048042.8429579833
466,1048950.6188047207,1049190.2629744417,1047587.8306807282
467,1048111.8260918082,1049540.2180863186,1048076.6207967424
468,1048129.1842176237,1049594.7014468506,1048004.8599170521
469,1048113.0938598148,1049760.2471914354,1047855.6772764559
470,1048111.0921530945,1049915.0733294347,1047703.1558870957
471,1047664.2104123973,1050407.3048421436,1047658.8813968675
472,1047628.8077379501,1050570.2697715273,1047531.7666838028
473,1047854.3185234228,1050532.848094631,1047343.6318473282
474,1047948.8666818215,1050516.3901447793,1047265.5449254884
475,1047722.730943292,1050550.7498884334,1047457.3225615411
476,1047678.9878684314,1050553.9260317408,1047497.8894930945
477,1047692.7676686067,1050556.9195482212,1047481.1274979679
478,1047435.2124167953,1050552.7171581367,1047742.8851398629
479,1047351.754348444,1050549.5309646477,1047829.5522415806
480,1046937.9630623375,1050415.515599561,1048377.4331006432
481,1047083.2385441452,1050461.1451488307,1048186.4457913956
482,1047254.4307952569,1050527.3785859484,1047949.026615657
483,1047312.497761227,1050547.1112009804,1047871.2417604594
484,1047430.3792551853,1050564.977350374,1047735.4924621314
485,1047621.4925022768,1050559.0989916187,1047550.2199324035
486,1047647.9156851728,1050427.8730491828,1047654.6620350352
487,1047705.4645161931,1050297.3071707208,1047727.345919563
488,1047742.3953820094,1050162.119367921,1047825.2849495267
489,1047630.625175231,1050170.280366194,1047928.9322647868
490,1049082.8966246778,1049650.0908880928,1046996.8741799555
491,1050153.892440495,1048038.519504264,1047537.4273410331
492,1050264.9405470365,1047830.5159618303,1047634.5912757528
493,1050284.282836582,1047759.3478110982,1047686.4562004677
494,1050210.06562669,1047759.921805224,1047759.9209361566
495,1050110.092853952,1047809.7950219105,1047809.7942059934
496,1049891.8894801564,1047950.8076672769,1047886.5415720252
497,1049753.417964801,1047993.227375117,1047982.3457003572
498,1049408.8145331063,1048725.809062934,1047594.1774894454
499,1048290.2667657885,1049509.3347399274,1047929.0523802673
500,1048109.5164759395,1049557.2465264972,1048061.9258954833
501,1048029.789425099,1049751.3876867543,1047947.812087753
502,1047986.9163490275,1049957.6919577406,1047784.7660060226
503,1047867.7716219706,1050425.1370968027,1047437.5788910885
504,1047644.9994804552,1050561.2218005725,1047524.5984050174
505,1047860.6918725597,1050531.8165265592,1047338.2900662629
506,1047988.5716256325,1050507.6425941514,1047234.5875323054
507,1047632.6928629223,1050555.998113067,1047542.1124172771
508,1047383.8650549133,1050541.6833104554,1047805.255027898
509,1047342.9760335635,1050539.075591508,1047848.7630897245
510,1047198.659733545,1050501.6759908902,1048030.4789903599
511,1047340.7636805684,1050547.5464409213,1047842.5274331826
512,1046810.871522094,1050304.9312913707,1048615.1089490775
513,1046911.7554358016,1050351.498691901,1048467.5753566694
514,1046833.97515461,1050282.2766095586,1048614.5842326938
515,1047018.8429151471,1050436.9412478148,1048275.0665597044
516,1047115.277763056,1050485.4258755166,1048130.1470840938
517,1047042.0460413172,1050416.9791011035,1048271.757097475
518,1047081.2230947504,1050220.2667647484,1048428.8750692572
519,1047470.9783291518,1050270.658768033,1047988.4791635704
520,1047557.4149401134,1050200.4924844315,1047972.0196090859
521,1047889.3490487278,1050204.0797004648,1047636.4809015905
522,1049965.8867772138,1048653.9933108082,1047110.0686603929
523,1050209.7895036722,1047960.717614965,1047559.438966162
524,1050264.9643341396,1047804.6505869151,1047660.4287313811
525,1050260.107088272,1047734.9604001075,1047734.9595044366
526,1050091.1822248267,1047819.2297317581,1047819.2289258953
527,1049976.8489950881,1047876.2772076253,1047876.2764625516
528,1049902.2097023448,1047945.909238697,1047881.1392784081
529,1049900.1317405251,1047940.8855829006,1047888.23662151
530,1049804.524042556,1048257.9821952089,1047666.6559635319
531,1048573.2982201837,1049496.7760784929,1047658.7311831163
532,1048057.576765791,1049588.5722775697,1048082.5841053727
533,1048167.6276387137,1049795.9231236458,1047765.551592944
534,1048002.5344500367,1050008.9345885026,1047718.0178812701
535,1047582.6529975877,1050455.634653419,1047692.2399647156
536,1047478.6904150717,1050560.9366976076,1047691.1990687534
537,1047554.5797428171,1050555.156331829,1047621.0640367469
538,1047423.4886849638,1050546.5036433025,1047760.8094238233
539,1047270.4463966748,1050518.3506897944,1047942.0063067977
540,1047087.078747592,1050453.186608605,1048190.542876408
541,1047060.3977894754,1050442.6926303464,1048227.7242949734
542,1047127.6393558362,1050474.6571332337,1048128.5182257256
543,1047223.5923896186,1050519.2123791256,1047988.0327859286
544,1046641.771307901,1050031.8184535787,1049057.3152781103
545,1046702.1736131174,1050074.462741059,1048954.1768090934
546,1046790.2223649772,1050231.538728524,1048709.0749033615
547,1046769.6359912571,1050203.266081538,1048757.932267541
548,1046737.6797949568,1050181.5937160961,1048811.5936411521
549,1046731.53993263,1050054.138477482,1048945.0505871917
550,1046890.6723820639,1049886.481982771,1048953.086714936
551,1047141.0208913448,1050021.8396684453,1048567.1181689672
552,1047379.2987115443,1049993.90170487,1048356.4640954144
553,1047863.433011118,1050119.5621987893,1047746.7109398373
554,1049983.4059213835,1048525.1066752111,1047221.3082395765
555,1050106.869544767,1048025.7352017068,1047597.1140462689
556,1050256.1373240843,1047772.7862440299,1047701.0951081555
557,1050201.5126835601,1047764.1883158202,1047764.1874513
558,1050156.0922815949,1047786.8464937815,1047786.8456534084
559,1050045.2395535565,1047842.1520722749,1047842.151290839
560,1050000.1673118249,1047888.5652581385,1047840.7177104176
561,1050019.5299553825,1047885.7794881829,1047824.1808701319
562,1049953.7820160603,1047959.2707222403,1047816.3089980385
563,1049066.4543141234,1049161.9894564033,1047500.3863426878
564,1048014.3957594372,1049702.9533487142,1048011.5587977938
565,1047880.395122843,1049826.6747499653,1048022.0530359241
566,1047931.7299635127,1050029.623505018,1047768.1632096528
567,1047570.5585071265,1050489.728888395,1047670.3321107852
568,1047562.9287084034,1050568.0648129205,1047599.8424755386
569,1047472.051400893,1050551.442673229,1047707.307677968
570,1047269.3208379939,1050520.0272585868,1047941.4601360247
571,1047127.5066174908,1050474.6004940674,1048128.7076032367
572,1046972.0521011363,1050389.1821517618,1048369.5804618973
573,1046910.8990806373,1050342.5228417425,1048477.3927924155
574,1046854.6966558882,1050290.6171390486,1048585.5009198587
575,1046818.8818671784,1050266.7182449128,1048645.2374425817
576,1046561.7452827492,1049602.2376215742,1049566.9221352667
577,1046590.3432534066,1049460.3272431493,1049680.16384378
578,1046587.2385919478,1049504.281580525,1049639.3158243895
579,1046587.081766909,1049546.8472278258,1049596.9036953885
580,1046576.0639204552,1049680.4513142633,1049474.358473158
581,1046666.5476140776,1049630.4180435357,1049433.6537870218
582,1046911.0623638049,1049602.9314147048,1049216.026217018
583,1047023.8717666095,1049705.6973115327,1049000.2740526416
584,1047202.2416976009,1049805.5329913537,1048721.8562068495
585,1048160.483708904,1049939.9007140447,1047629.0125494822
586,1049778.4478508243,1048355.9430658111,1047594.7807183769
587,1050145.253155774,1048019.2679011693,1047565.2880840169
588,1050245.191493576,1047778.0126206041,1047706.7883554448
589,1050150.9253913637,1047789.4241141767,1047789.423276551
590,1050009.641181448,1047859.9143307024,1047859.9135681934
591,1049751.1704217643,1047988.908718302,1047988.908093227
592,1049836.7609510073,1047946.1879743009,1047946.1873037136
593,1050012.507775924,1047867.210679753,1047849.7565760211
594,1049833.8009573983,1047962.9499900343,1047932.3801768793
595,1049465.0774980632,1048643.0393191748,1047620.6974088595
596,1048051.823327257,1049605.8472232346,1048071.087755378
597,1047782.2322700053,1049586.780893674,1048359.7967389203
598,1047760.5395170843,1049930.1436256208,1048038.6460072483
599,1047550.8908003339,1050482.998003539,1047696.7150274469
600,1047509.8149983943,1050565.2312528368,1047655.786438893
601,1047302.0928846136,1050526.0926930383,1047902.6178156151
602,1047126.7700013638,1050471.3817950503,1048132.6564361913
603,1046999.1254660002,1050407.1527070736,1048324.5365417216
604,1047027.0233998583,1050424.1667876185,1048279.6245273185
605,1046811.4116491025,1050243.0464623047,1048676.3566033884
606,1046788.1337829466,1050214.022326994,1048728.6586048543
607,1046669.5837572495,1050027.486143225,1049033.767654197
608,1046654.567291335,1049001.239450359,1050075.1115326104
609,1046684.5597160566,1048994.583450675,1050051.6846688422
610,1046613.6205171662,1049276.984215933,1049840.2279570242
611,1046593.4305091745,1049455.8817624622,1049681.5139097965
612,1046575.9031704093,1049634.6529505975,1049520.3110311984
613,1046669.3708854181,1049585.1152713653,1049476.1191672296
614,1046993.4533723958,1049798.4298250698,1048938.0860892371
615,1047134.4644880855,1049829.4770326253,1048765.81574738
616,1047010.345256715,1049887.4012896158,1048832.2736806038
617,1048532.3448106896,1049899.3895766595,1047297.8805905359
618,1049561.5223633288,1048276.2552360531,1047890.9521482155
619,1050350.4234128764,1047907.8385658776,1047472.0334002393
620,1050303.2001549182,1047779.3603984661,1047647.5755938229
621,1050083.9896877815,1047848.1494873501,1047797.4867829363
622,1049761.5350344218,1047983.7351577148,1047983.7345271283
623,1049559.3707990425,1048084.6605325824,1048084.6600095021
624,1049665.6141176098,1048031.6176073995,1048031.6170278201
625,1049793.5401529178,1048004.7933030169,1047930.7275340628
626,1049742.214231545,1048019.9315395792,1047966.8271478697
627,1049556.6413349262,1048268.1208251796,1047903.9569526238
628,1048337.714723202,1049507.120556331,1047883.8336559862
629,1047642.0687845834,1049431.1108459546,1048655.5879705336
630,1047422.1326265391,1049832.5149961442,1048474.7449763197
631,1046955.3109052896,1050305.6359150647,1048469.7375643936
632,1046987.3881418422,1050416.9264104222,1048326.5345154266
633,1047017.5333097667,1050416.149573649,1048297.1269922634
634,1046852.8508982459,1050288.7374697612,1048589.226346788
635,1046829.1995970048,1050263.5188315327,1048638.0962862584
636,1046903.2785811024,1050336.042372721,1048491.4937609717
637,1046728.5977982609,1050143.8475292106,1048858.392227201
638,1046783.8884420817,1050224.54084678,1048722.4082658098
639,1046625.1234779429,1049896.6357380447,1049209.078338685
640,1046726.3423605777,1048801.283145844,1050203.2927678816
641,1046673.8489882274,1049038.241671013,1050018.7290268047
642,1046646.6184693408,1049133.2902910488,1049950.9157732078
643,1046590.1247320402,1049624.0508146218,1049516.6506347712
644,1046599.6034867022,1049789.0798087933,1049342.1608977846
645,1046668.0963428429,1049863.719275763,1049198.8958272308
646,1046897.6128822449,1049679.3972470586,1049153.0724474317
647,1047106.8460891335,1049567.3216625052,1049055.4396632654
648,1046896.000287116,1049739.2477757768,1049094.871368804
649,1049136.6368058946,1049593.7279928022,1046999.464133169
650,1049698.5630627878,1048239.9824561515,1047790.4034905725
651,1050509.5629678883,1047814.9720849163,1047406.1763930317
652,1050297.5176689152,1047753.0288647829,1047679.5727618362
653,1049973.9607087094,1047884.0579136068,1047871.3783050776
654,1049722.4688792434,1048008.4349701449,1047998.0357884109
655,1049626.0019306166,1048056.155327258,1048046.6309415172
656,1049994.213358216,1047867.6125193695,1047867.6117650627
657,1050153.2982931593,1047802.5469550841,1047773.9330729371
658,1050199.4802214536,1047797.157843134,1047733.2466415148
659,1049721.9609737194,1048007.0193350882,1047999.9584829853
660,1049070.7140704629,1049064.8814083803,1047593.0958622838
661,1047590.6745308196,1049470.8506339716,1048667.3235880393
662,1047194.1558241781,1049728.995728039,1048806.4181881715
663,1046684.9777950768,1050034.5422557807,1049011.2898480492
664,1046631.0579759724,1049911.0464546937,1049188.728259457
665,1046624.4226653986,1049856.8481028604,1049249.5439465365
666,1046607.3629020964,1049766.7189005075,1049356.7329121914
667,1046678.2306154371,1050023.910782796,1049028.6733165623
668,1046782.0766197807,1050206.0084458154,1048742.7296491987
669,1046676.6992890174,1050043.972391789,1049010.1658738654
670,1046598.5556381273,1049765.817823517,1049366.4640930283
671,1046607.4074975952,1049818.7767568505,1049304.6533002274
672,1046655.7629262256,1049020.3804879661,1050054.751696999
673,1046704.8092477971,1048955.3849510218,1050070.6091944485
674,1046651.9881060864,1049110.0238499998,1049968.8142253465
675,1046613.604177674,1049289.45623125,1049827.7657725092
676,1046589.4535177173,1049600.401502888,1049540.9711608277
677,1046605.9049934578,1049694.1746038997,1049430.715681703
678,1046924.4704241016,1049280.8569871872,1049524.6392026527
679,1047159.4871802877,1049286.5947445063,1049283.354214674
680,1046963.8996619603,1049856.831216158,1048909.3436079605
681,1049882.187006733,1048827.7099763653,1047020.1011088081
682,1050027.5074293627,1048031.5204638222,1047670.509069715
683,1050558.491675874,1047643.560633575,1047528.7593259554
684,1050308.1396474873,1047771.7402018387,1047650.2678824539
685,1050040.2667351926,1047911.5519732683,1047777.7180526003
686,1049894.5712012192,1048040.2546092676,1047794.4313716969
687,1049719.7885896696,1048107.7382237451,1047901.4185549981
688,1050222.8734582101,1048075.1668546282,1047431.9966250494
689,1050524.935060481,1048036.6302623152,1047169.3281205829
690,1050474.4586220523,1048147.8011147948,1047108.5730757142
691,1049870.3483851391,1048305.9429510649,1047553.0412865574
692,1049333.2216361568,1048936.5134282964,1047459.1950576983
693,1047459.7837275676,1049591.792324187,1048677.5149887179
694,1047069.9917907534,1049752.4140056917,1048907.3879827193
695,1046779.2119578274,1050195.059249762,1048756.533734508
696,1046623.0334249381,1049839.0954516362,1049268.6793560318
697,1046614.3222519965,1049771.543431713,1049344.9327584924
698,1046600.8351435653,1049715.6709079426,1049414.3086632874
699,1046618.5160956263,1049829.790342153,1049282.508277016
700,1046637.2478461636,1049906.8435242712,1049186.7233443602
701,1046579.0683401596,1049651.9160019706,1049499.8761447112
702,1046585.21609829,1049417.3408274993,1049728.3035610511
703,1046585.5416798816,1049539.1248597417,1049606.1710150484
704,1046814.9883179086,1048616.928638741,1050298.9781545424
705,1046820.0744090857,1048665.0145962872,1050245.714387894
706,1046713.721605383,1048908.7413395748,1050108.363236475
707,1046653.6503681721,1049103.642137799,1049973.5336754613
708,1046614.077016054,1049283.4763297131,1049833.2744898067
709,1046638.0950318226,1049244.1331522274,1049848.5476054084
710,1046945.1739762098,1049009.7348845878,1049775.1346925967
711,1047185.0684993214,1048897.4427384222,1049647.0075230424
712,1046803.3868892698,1049511.317026449,1049415.5476205056
713,1048761.6319231282,1050037.983181712,1046930.711301225
714,1048991.377390077,1049882.3447155934,1046856.5836240968
715,1048961.8636912408,1050078.0306957646,1046690.9468042192
716,1048791.5533477585,1049984.0049676283,1046954.662636855
717,1048170.3786327511,1049804.6569421533,1047754.084835392
718,1048028.1042326953,1049699.166244749,1048001.6315034735
719,1048463.1206143016,1049563.4754159723,1047702.2390581714
720,1047756.6311491241,1049768.8144977677,1048203.619053679
721,1047695.0754631987,1049811.8714832664,1048222.2110871493
722,1047706.4384931888,1050033.2395307738,1047989.858938938
723,1047353.8461942686,1049811.2382590454,1048564.3554081685
724,1047290.1867018758,1049614.6699884338,1048824.4755405856
725,1047264.0271023596,1049194.2107635292,1049270.9954617936
726,1047069.1095327287,1049817.142900899,1048843.5990118894
727,1046685.1160204302,1050005.7173827367,1049039.9488367287
728,1046645.1597791507,1049831.1153396477,1049254.4732665967
729,1046631.7025160472,1049809.6054108404,1049289.4630224477
730,1046602.4667010803,1049730.1227728154,1049398.2252408992
731,1046593.3900742984,1049544.3219080635,1049593.1027324335
732,1046632.313486252,1049209.7387416067,1049888.7624869368
733,1046790.0790573446,1048708.328054343,1050232.430442984
734,1046764.5887717794,1048767.6433717855,1050198.6054111077
735,1046747.5991945441,1048809.336368968,1050173.9019911592
736,1047105.0785593452,1048125.0923137183,1050500.724238128
737,1046943.6579119825,1048421.1210039941,1050366.0309597028
738,1046860.2353305231,1048567.450667109,1050303.140183801
739,1046841.117865377,1048606.0146055091,1050283.6937105467
740,1046795.0951922064,1048690.3952248448,1050245.3569961449
741,1046887.0787039978,1048581.3330345424,1050262.3043753004
742,1047066.6246878689,1048625.761346825,1050037.720305141
743,1047051.7704756795,1048907.6572972487,1049770.4127674503
744,1046845.3217129868,1048820.28554126,1050064.9065183713
745,1046779.7059892282,1048905.7719222126,1050045.1417350348
746,1046926.3716446103,1048806.2504184446,1049997.6645701372
747,1046928.9027357307,1049286.107013978,1049514.9447091299
748,1047320.8981041011,1049031.6067896262,1049376.6509117424
749,1047735.0942039132,1048709.1671962186,1049284.3234778815
750,1047794.735583378,1048578.8482970695,1049354.996534177
751,1047737.1934827131,1048793.0057009566,1049198.3434565996
752,1047828.3534737366,1048848.4135719996,1049051.6427578735
753,1047788.6204573524,1049002.8788035256,1048936.9453771624
754,1047747.4017115153,1049267.3746691833,1048713.78798444
755,1047842.8636306142,1048594.7462125903,1049290.8903153134
756,1047640.3649270465,1048732.8023182643,1049355.5516823635
757,1047430.6659222624,1049041.8843266927,1049256.3995064963
758,1047006.8573084029,1049667.0308842128,1049055.963328319
759,1046690.4454128509,1049845.5426493054,1049194.658284116
760,1046711.5112441379,1049091.0824837517,1049928.0621110224
761,1046687.3896889016,1049079.2484808932,1049964.1021814542
762,1046757.6021274227,1048837.4353510803,1050135.7318391814
763,1046897.7955027935,1048501.7407080152,1050331.2785039868
764,1047033.7759976296,1048268.9684771536,1050428.0702400124
765,1047051.4228490613,1048241.4953686423,1050437.8964970922
766,1047022.8341241522,1048286.276530701,1050421.704059942
767,1046984.7411722844,1048348.2813084257,1050397.7922340848
768,1046836.0025129113,1048567.3433531121,1050327.5607561278
769,1046967.1739190975,1048371.8999356759,1050391.7523266596
770,1046996.3938954441,1048323.2493592314,1050411.1829267568
771,1047070.1937853856,1048209.7481167208,1050450.8794303595
772,1046871.9116691028,1048542.6204136735,1050316.2973083642
773,1046807.9383444235,1049027.4776707112,1049895.0013760643
774,1046990.5493247785,1049426.9790066094,1049312.2740737516
775,1047211.5376215801,1049986.9308258365,1048531.3695090752
776,1046672.8623501683,1049609.5239784666,1049448.2128428703
777,1046732.3035711353,1049240.8117294703,1049757.3818250662
778,1047217.0276061248,1049351.1323492941,1049161.1704488576
779,1047672.9162444264,1049566.3735987395,1048489.5703090688
780,1047739.4311282764,1049260.1372392839,1048728.9996885634
781,1047788.7583326336,1049176.9843923764,1048762.7416481045
782,1047801.10736526,1049289.1035958221,1048638.319691433
783,1047714.3686921002,1048818.6774637303,1049195.5189460218
784,1047896.3937005553,1048476.7981965231,1049355.3226337712
785,1048338.3916886137,1048051.2027361215,1049338.841307475
786,1048485.9731702373,1047859.9613883322,1049382.6240363042
787,1048649.3032559399,1047805.271938341,1049273.9428985
788,1048391.303970282,1047929.281288991,1049407.9604884223
789,1047810.3420453048,1048249.1306603288,1049669.4278775968
790,1047265.8580415621,1048440.0994014229,1050023.869446886
791,1046936.9378839515,1048808.5435709346,1049984.7717137826
792,1047060.5705140652,1048444.0514790977,1050225.7792188087
793,1047049.9261636822,1048334.7021788484,1050346.0038163173
794,1047111.6617143601,1048184.1296940398,1050434.9520977186
795,1046901.0587407717,1048508.6735526081,1050321.0596796195
796,1046823.5634953746,1048665.0246273095,1050242.2038503147
797,1046867.1881122902,1048560.60249936,1050303.0241031453
798,1047067.497032383,1048216.9244262998,1050446.3932561127
799,1047094.099099735,1048187.6370098452,1050449.0558634186
800,1047244.5479928803,1047933.1010055267,1050553.2576237454
801,1047233.2208742792,1047986.9747093675,1050510.614292032
802,1047233.6132527248,1047987.1466769243,1050510.0483029564
803,1047221.7623041249,1047995.8194204828,1050513.2428089902
804,1047054.0827633931,1048275.7344891124,1050400.9182266064
805,1047042.8025898427,1048677.1009865573,1050010.2030198465
806,1047069.2684682157,1049260.196268831,1049400.1649070384
807,1047035.9177859332,1049672.5145892806,1049021.3665157226
808,1046677.6319045621,1049808.3121316487,1049244.7117406037
809,1046886.9210802871,1050023.6669548617,1048819.800043431
810,1046954.1621976404,1049020.7493398127,1049755.09996921
811,1046923.9418236377,1049188.9111450217,1049617.1444720472
812,1047118.2125729397,1048726.552472169,1049885.0762566875
813,1047204.9783437949,1048737.5407102064,1049787.0890944374
814,1047268.9494734313,1049799.089423194,1048661.4925312388
815,1047056.2487459684,1049244.617224792,1049428.7953069066
816,1047556.3234170326,1048100.8306677333,1050072.517272028
817,1047887.8769188317,1047810.5279393529,1050031.1099605232
818,1048687.164830112,1047204.2946752927,1049838.2032683408
819,1049075.9828091566,1047046.6945627329,1049607.063965801
820,1049060.734609247,1047050.863116418,1049618.1413317337
821,1047929.0826306007,1047704.0199548699,1050096.562033621
822,1047219.207724128,1048697.1095240922,1049813.2975403743
823,1047109.2523284511,1048758.2275504556,1049862.3508195481
824,1047169.9905515262,1048363.4062936353,1050196.8200254182
825,1047425.5109481775,1047832.4233803896,1050472.6758342618
826,1046938.2370093551,1048466.4506802628,1050326.0574462712
827,1046667.2173750075,1049093.2188741767,1049970.3557238153
828,1046649.7808876608,1049163.4562054486,1049917.5548798894
829,1047061.0275418363,1048226.7629752127,1050443.0241977465
830,1047418.9140060112,1047761.0749874066,1050550.8257213775
831,1047302.8940183343,1047906.1956133709,1050521.702341294
832,1047210.5110096923,1047986.1434491338,1050534.2290465948
833,1047173.7194151693,1048084.6249149501,1050472.4233563943
834,1047556.8356388021,1047639.0747927561,1050534.8330745606
835,1047477.3272309941,1047726.1531488991,1050527.2550992195
836,1047310.8953393908,1047919.7407678232,1050500.0977507255
837,1047360.1553081094,1047916.2960208863,1050454.1430975918
838,1047347.7424693137,1047968.1255272863,1050414.639557102
839,1046772.0042873492,1048971.7010560832,1049986.8703080576
840,1046632.9798987212,1049523.0339943515,1049574.689572831
841,1047026.6031467039,1048603.9540895068,1050099.6948926176
842,1047321.6423525905,1048178.3839469911,1050230.1040038855
843,1047483.4527128936,1047879.671043359,1050367.206524334
844,1047682.2167558955,1047656.6908550407,1050391.4478821107
845,1047288.9440786246,1048087.5530149336,1050353.9138280367
846,1046789.2293513541,1049121.3516178809,1049819.8208815611
847,1046762.5617757449,1049260.4783884047,1049707.3616866462
848,1046802.1833315913,1049107.9809097345,1049820.2092079697
849,1046804.2924650345,1049167.7209834005,1049758.3168321517
850,1047478.0496861747,1047918.6271191504,1050333.577065373
851,1047745.9818773404,1047682.5763048669,1050301.5707664534
852,1047701.5157757773,1047787.553999999,1050240.913058054
853,1047793.5105983651,1047821.5029778514,1050114.6787602438
854,1047750.623998927,1047957.528821119,1050021.3505471845
855,1047704.3291862061,1047799.5225898393,1050226.0963631063
856,1048115.3366522036,1047250.3941934442,1050364.7339296862
857,1047284.8388855619,1047966.8585606291,1050479.001243088
858,1046632.0121725869,1049254.2038222724,1049844.5727029596
859,1046867.4849530183,1048560.0173142334,1050303.3124475442
860,1047061.0275418363,1048226.7629752127,1050443.0241977465
861,1047490.9508372417,1047682.2546784364,1050557.609199118
862,1047712.5284085234,1047462.8446321602,1050555.4416741116
863,1047846.4351540832,1047352.4054322203,1050531.9513866962
864,1047604.3560125631,1047542.0458171552,1050584.4816757026
865,1047849.2511275073,1047358.0389849216,1050523.4775740844
866,1048084.8936212148,1047181.2150832803,1050464.634801623
867,1047956.3012120657,1047288.4599226769,1050485.95192561
868,1047853.1685476047,1047380.9058220527,1050496.6147506412
869,1048199.8664329575,1047119.7575448413,1050411.0604069498
870,1048884.9985860758,1046772.0037451889,1050073.664561446
871,1047588.1643487446,1047641.7991482903,1050500.6843597025
872,1046961.2471576558,1048511.2426872359,1050258.1046709716
873,1047727.9237388859,1047682.8059036414,1050319.4431238675
874,1047745.4650205774,1047678.6005856295,1050306.0745679648
875,1047994.7494964887,1047408.0868544878,1050327.4378791146
876,1047986.6887618231,1047407.7201006507,1050335.8844176843
877,1047612.270020619,1047744.2603002426,1050373.7835745537
878,1047157.5168091997,1048335.2299776535,1050237.556734198
879,1046978.7323757283,1048668.5876657148,1050082.9834796076
880,1046969.2359540813,1048696.3339271664,1050064.724883737
881,1046887.5074924859,1048972.1493824744,1049870.5765673975
882,1047856.2996435761,1047560.2669001322,1050313.6121141147
883,1047598.1132145822,1047850.6439346825,1050281.336439992
884,1047617.3220495812,1047900.3751113162,1050212.2353634608
885,1047945.4380535552,1047660.4692480988,1050123.824363092
886,1048242.5710845961,1047533.8872563638,1049953.016682324
887,1048271.1842398254,1047334.348613293,1050124.3898118061
888,1048355.9758029758,1047040.051042177,1050334.595857897
889,1047859.9661246641,1047357.0150213415,1050513.762360113
890,1047169.2697551653,1048090.7847501381,1050470.7131812098
891,1047490.7864939797,1047682.4299658876,1050557.5982549286
892,1047479.1652556395,1047694.8763586539,1050556.7731005019
893,1047537.8545606477,1047633.0350953714,1050559.9250587758
894,1047674.733064707,1047498.0206454742,1050558.0610046138
895,1047626.2142299579,1047552.3890131013,1050552.1887299397
896,1048238.2241199348,1047032.410940502,1050460.2484449835
897,1048060.3877545723,1047183.6926627769,1050486.71155565
898,1047894.2981775416,1047319.9998349,1050516.4713052425
899,1048014.8966260427,1047232.6288717798,1050483.219638067
900,1047948.766006403,1047292.3471191061,1050489.60631202
901,1048098.9127714529,1047185.9414755336,1050445.84283206
902,1048755.8754825816,1046826.3217439767,1050148.4570149577
903,1049153.561476582,1046699.3678457476,1049877.717023943
904,1049149.7312647817,1046740.2665467001,1049840.528526687
905,1049077.5765297646,1046902.8249687281,1049749.7102645065
906,1048948.4127534747,1046915.6164165479,1049866.145225553
907,1048874.6766479136,1046898.2104375783,1049957.4076794933
908,1048904.383726366,1046881.3653419062,1049944.5648271425
909,1048694.555186515,1046963.5658675497,1050072.1928413499
910,1048477.1068801763,1047074.8355618315,1050178.3610790432
911,1048233.261416186,1047223.0967207623,1050273.9453841024
912,1048201.8983766272,1047254.9610442966,1050273.4133309997
913,1048225.7219947496,1047252.926570143,1050251.5834126144
914,1049003.5193686741,1046893.676711577,1049832.9940408643
915,1049051.9219479316,1046914.6977392297,1049763.4767400147
916,1048934.029585776,1047000.3446737645,1049795.5799377915
917,1048874.8944753988,1047083.6778445673,1049771.2133862195
918,1048892.1214884222,1047195.258113285,1049642.1190927716
919,1048870.4250587411,1047079.2462738662,1049780.1296264594
920,1048632.339762765,1046919.2836859904,1050178.911993515
921,1047988.0644421505,1047260.9927271344,1050481.6638851373
922,1047389.3030191282,1047812.6824381454,1050528.7822292396
923,1047480.3025293819,1047701.9910757868,1050548.49836783
924,1047816.905021898,1047377.5870704119,1050536.2998806895
925,1047826.4678596442,1047369.3796738748,1050534.9444394805
926,1047875.0085380881,1047328.4934295807,1050527.2900053307
927,1047801.0715709282,1047391.2885033153,1050538.4318987564
928,1048099.733251286,1047126.5621855499,1050504.5880685856
929,1047927.4134553873,1047285.7711195796,1050517.6073980317
930,1047992.5311354608,1047241.9422173658,1050496.2959648573
931,1048069.3899551873,1047184.8038020285,1050476.5739292975
932,1047993.0602193701,1047242.5845517651,1050495.1212846872
933,1048150.2917174759,1047141.9635042385,1050438.4658327077
934,1048463.3230461257,1046954.370671313,1050313.0049718404
935,1048562.7564941836,1046903.7984495877,1050264.1373927193
936,1048690.4772318944,1046922.7393199347,1050117.2256891478
937,1048768.2518120892,1047010.613489319,1049951.2225927522
938,1048846.4778000163,1046943.0247037204,1049940.6919719775
939,1048773.9802207549,1046943.3731903083,1050012.9208190276
940,1048760.098211238,1046935.5631892751,1050034.6524949018
941,1048687.709106545,1046966.6111708067,1050075.9936180627
942,1048328.5440227546,1047161.6573508193,1050240.1021474765
943,1048170.3911227981,1047266.1661338244,1050293.746264428
944,1048232.5329634679,1047239.2427101708,1050258.4824531747
945,1048747.7616662937,1046968.5852407073,1050013.8850705063
946,1049150.5629927781,1046858.190273748,1049721.4368545895
947,1049216.7535607258,1046881.5312008236,1049631.811665627
948,1048996.4338131293,1046969.900081367,1049763.6530095984
949,1048744.8672785037,1047110.9082700533,1049874.065034119
950,1048588.893400204,1047280.0405281388,1049860.6539451692
951,1048559.7859849681,1047265.4492265328,1049904.425383108
952,1048547.2259678666,1047015.4218396533,1050167.7219821452
953,1048281.722010318,1047054.8044241853,1050394.194619918
954,1047816.9807646403,1047385.5895433783,1050528.197378494
955,1047699.6610030414,1047482.4658976957,1050548.665072262
956,1047762.3557008384,1047425.3895343724,1050543.0467377885
957,1047848.7432202074,1047350.4574423542,1050531.5913104382
958,1048046.587128617,1047193.8768048623,1050490.3280395197
959,1048104.1148312467,1047152.0349335371,1050474.6422082162
960,1048741.6606156658,1046761.6284243624,1050227.5944653924
961,1048757.0449685692,1046776.0039434276,1050197.765802799
962,1048288.1573672373,1047028.6704496437,1050413.964156118
963,1047963.8586627068,1047257.43199933,1050509.4996731319
964,1048151.7113379416,1047119.6423663975,1050459.4349934803
965,1048406.3816905192,1046965.5464483922,1050358.837916911
966,1048506.8688703743,1046916.916704667,1050306.9579310778
967,1048610.3527659297,1046866.3133412967,1050254.0709992705
968,1048764.928973239,1046858.8973393381,1050106.7139032048
969,1048790.2094001933,1046949.9354781182,1049990.0913086976
970,1048866.1534369476,1046927.4026750863,1049936.6628324483
971,1048766.0206864765,1046959.0869070195,1050005.1301685653
972,1048646.124566714,1046993.0489409022,1050091.118282951
973,1048507.7219686281,1047055.7903469094,1050166.7985983496
974,1048177.2498460491,1047263.9110560392,1050289.135264216
975,1047874.5563248529,1047500.3259802433,1050355.4138612074
976,1047781.838467802,1047600.2308310937,1050348.183017086
977,1048188.2276591903,1047290.8367105705,1050251.132934396
978,1048753.3458226847,1046991.7044894327,1049985.1083433237
979,1048936.785762676,1046951.7354545323,1049841.5625844847
980,1048646.3475930167,1047096.7209095343,1049986.9265496978
981,1048476.3503925322,1047232.2840345724,1050021.227232536
982,1048478.0080652854,1047254.7642694127,1049997.0275274147
983,1048421.872261353,1047202.0808890765,1050106.0746167735
984,1048398.1194265601,1047021.6195284867,1050310.8633784186
985,1048369.3079618139,1046994.1682426635,1050367.2673016416
986,1048328.0351242644,1047018.4920586791,1050384.217952946
987,1048399.114693229,1046968.733270616,1050362.921353839
988,1048311.9409381793,1047013.8633050015,1050404.9877298183
989,1048280.7616700336,1047033.3269923367,1050416.7033106294
990,1048134.1294892519,1047130.8357475286,1050465.8267362185
991,1048236.9357050649,1047061.4316332663,1050432.424634668
992,1048948.1091311206,1046682.5099321406,1050100.2644421603
993,1048614.1815688305,1046840.6431226333,1050275.9900233313
994,1048180.4864861878,1047091.8454019103,1050458.4828266974
995,1048295.1954184355,1047024.7683204323,1050410.8265963008
996,1048572.3749082872,1046869.1934312617,1050289.22035827
997,1048714.141474122,1046809.401502733,1050207.2230789673
998,1048761.6668061009,1046795.9961942766,1050173.0805057406
999,1048873.7945125492,1046756.4859244258,1050100.4486232772
1000,1048894.6323230634,1046746.9010774856,1050089.202170234
1001,1048918.94687881,1046751.910430629,1050059.8352373652
1002,1048885.644688476,1046799.321767559,1050045.6142960205
1003,1048865.8369290517,1046827.5766547847,1050037.102116945
1004,1048672.203552911,1046915.5285278021,1050142.7575565707
1005,1048456.45210667,1047031.6163010356,1050242.3998440562
1006,1048207.1133676976,1047185.0875181383,1050338.2673659255
1007,1048021.7422597184,1047324.2947634856,1050384.415986409
1008,1048022.3923277529,1047335.7533716323,1050372.2724782294
1009,1048290.0508539431,1047148.7923602901,1050291.5704728367
1010,1048605.2247169353,1046978.8386028416,1050146.329311206
1011,1048685.9798739275,1046934.6399991583,1050109.7922911628
1012,1048598.678640376,1046968.6726849212,1050163.0818995722
1013,1048451.9274601018,1047037.6644486148,1050240.865540967
1014,1048356.2756570887,1047057.8063160451,1050316.484591075
1015,1048255.6671516337,1047076.9503532668,1050398.0860464405
1016,1048300.0719124769,1047051.7792788397,1050378.8427596763
1017,1048274.8640769433,1047059.1535165736,1050396.7034609052
1018,1048331.5647944656,1047016.8453726785,1050382.3333389752
1019,1048447.449197447,1046941.2873244933,1050342.032795744
1020,1048457.2217840003,1046928.4048043911,1050345.167022919
1021,1048613.5767928222,1046847.8800620155,1050269.3351181613
1022,1048561.6354482158,1046873.6076541848,1050295.5488705984
1023,1048502.8750401875,1046904.1389718794,1050323.7779609319
